accuracy,f1_score,precision,recall
0.9715632200241089,0.9172756637877711,0.9312494185505629,0.9037150724506838
