{
    "model_metrics": {
        "accuracy": 0.9715632200241089,
        "f1_score": 0.9172756637877711,
        "precision": 0.9312494185505629,
        "recall": 0.9037150724506838
    },
    "training_params": {
        "total_samples": 1269833,
        "training_samples": 1015866,
        "test_samples": 253967,
        "epochs": 20,
        "batch_size": 32,
        "early_stopping_patience": 3
    },
    "class_distribution": {
        "total": 1269833,
        "class_0": 1048301,
        "class_1": 221532
    }
}